run_id,round,client_id,participated,round_fail_reason,rounds_participated_so_far,data_distribution_json,samples_count,computation_time_s,comm_bytes_up,comm_bytes_down,loss,accuracy,f1,rmse,rmse_original_units,silhouette,inertia,metric_score,extra_metric,ari,nmi,clustering_k,clustering_agg,cpu_time_s,cpu_utilization,memory_used_mb,memory_utilization,gpu_utilization,gpu_memory_used_mb,gpu_memory_utilization,availability_flag
b66fa902-0448-4a94-8b9f-4ff0536c42eb,1,client_1,0,dropped_out,0,"{""0"": 7, ""1"": 14, ""2"": 7}",28,0.0,0,0,,,,,,,,,,,,,,,,,,,,,0
b66fa902-0448-4a94-8b9f-4ff0536c42eb,1,client_2,1,,1,"{""0"": 11, ""1"": 13, ""2"": 4}",28,0.05898141860961914,0,0,,,,,,0.27373021841049194,244.58349609375,0.27373021841049194,244.58349609375,0.3585043988269795,0.4797555735805201,2.0,local_only,0.640625,54.3073577324505,13364.28125,85.1,,,,1
b66fa902-0448-4a94-8b9f-4ff0536c42eb,1,client_3,1,,1,"{""0"": 6, ""1"": 13, ""2"": 9}",28,0.05360770225524902,0,0,,,,,,0.2871434688568115,246.17271423339844,0.2871434688568115,246.17271423339844,0.498103186646434,0.7033200241034202,2.0,local_only,0.40625,37.89101033146984,13364.27734375,85.1,,,,1
b66fa902-0448-4a94-8b9f-4ff0536c42eb,1,client_4,1,,1,"{""0"": 11, ""1"": 9, ""2"": 8}",28,0.0536952018737793,0,0,,,,,,0.2734258472919464,227.73529052734375,0.2734258472919464,227.73529052734375,0.4043926565512616,0.5715930107238435,2.0,local_only,0.421875,39.28423632633851,13364.28515625,85.1,,,,1
b66fa902-0448-4a94-8b9f-4ff0536c42eb,1,client_5,1,,1,"{""0"": 12, ""1"": 7, ""2"": 9}",28,0.05358266830444336,0,0,,,,,,0.2871793508529663,227.990478515625,0.2871793508529663,227.990478515625,0.3752606259090123,0.4920423700484712,2.0,local_only,0.390625,36.450685675129705,13364.28515625,85.1,,,,1
