run_id,round,client_id,participated,round_fail_reason,rounds_participated_so_far,data_distribution_json,samples_count,computation_time_s,comm_bytes_up,comm_bytes_down,loss,accuracy,f1,rmse,rmse_original_units,silhouette,inertia,metric_score,extra_metric,ari,nmi,clustering_k,clustering_agg,cpu_time_s,cpu_utilization,memory_used_mb,memory_utilization,gpu_utilization,gpu_memory_used_mb,gpu_memory_utilization,availability_flag
ff17a319-23f4-4f5d-bc6c-41b7bdd7d0fb,1,client_1,1,,1,"{""0"": 8, ""1"": 15, ""2"": 5}",28,0.07169461250305176,0,0,,,,,,0.1737949699163437,128.76136779785156,0.1737949699163437,128.76136779785156,0.5945845605524342,0.6540971511764214,5.0,local_only,0.921875,64.29179040201657,17111.7109375,79.5,,,,1
ff17a319-23f4-4f5d-bc6c-41b7bdd7d0fb,1,client_2,1,,1,"{""0"": 12, ""1"": 6, ""2"": 10}",28,0.06773853302001953,0,0,,,,,,0.1884218007326126,107.11698913574219,0.1884218007326126,107.11698913574219,0.4897157724215797,0.6076016154638371,5.0,local_only,0.515625,38.05994734545045,17111.71484375,79.4,,,,1
ff17a319-23f4-4f5d-bc6c-41b7bdd7d0fb,1,client_3,1,,1,"{""0"": 9, ""1"": 14, ""2"": 5}",28,0.06653356552124023,0,0,,,,,,0.2422223687171936,134.3204803466797,0.2422223687171936,134.3204803466797,0.5966913861950941,0.6617595232263098,5.0,local_only,0.5625,42.271896567787806,17111.70703125,79.5,,,,1
ff17a319-23f4-4f5d-bc6c-41b7bdd7d0fb,1,client_4,0,dropped_out,0,"{""0"": 9, ""1"": 10, ""2"": 9}",28,0.0,0,0,,,,,,,,,,,,,,,,,,,,,0
ff17a319-23f4-4f5d-bc6c-41b7bdd7d0fb,1,client_5,1,,1,"{""0"": 9, ""1"": 12, ""2"": 7}",28,0.07035017013549805,0,0,,,,,,0.12817911803722382,130.6284637451172,0.12817911803722382,130.6284637451172,0.7236125013902792,0.7512210320080976,5.0,local_only,0.375,26.65238756905141,17111.72265625,79.4,,,,1
