run_id,round,client_id,participated,round_fail_reason,rounds_participated_so_far,data_distribution_json,samples_count,computation_time_s,comm_bytes_up,comm_bytes_down,loss,accuracy,f1,rmse,rmse_original_units,silhouette,inertia,metric_score,extra_metric,ari,nmi,clustering_k,clustering_agg,cpu_time_s,cpu_utilization,memory_used_mb,memory_utilization,gpu_utilization,gpu_memory_used_mb,gpu_memory_utilization,availability_flag
74ea10c6-3904-409e-9521-e4caf3deb150,1,client_1,0,dropped_out,0,"{""0"": 1, ""1"": 30, ""2"": 7}",38,0.0,0,0,,,,,,,,,,,,,,,,,,,,,0
74ea10c6-3904-409e-9521-e4caf3deb150,1,client_2,1,,1,"{""0"": 3, ""1"": 10, ""2"": 6}",19,0.03853464126586914,0,0,,,,,,0.14423228800296783,82.0306625366211,0.14423228800296783,82.0306625366211,0.6545747885601926,0.7453773915192645,5.0,local_only,0.140625,18.24656924009751,17111.7265625,79.4,,,,1
74ea10c6-3904-409e-9521-e4caf3deb150,1,client_3,1,,1,"{""0"": 6, ""1"": 0, ""2"": 0}",6,0.0341181755065918,0,0,,,,,,0.16961930692195892,0.9900795221328735,0.16961930692195892,0.9900795221328735,0.4513660229598647,0.6160270770055173,5.0,local_only,0.265625,38.927198781288865,17111.73046875,79.4,,,,1
74ea10c6-3904-409e-9521-e4caf3deb150,1,client_4,1,,1,"{""0"": 31, ""1"": 14, ""2"": 19}",64,0.03552079200744629,0,0,,,,,,0.12032486498355865,329.1620178222656,0.12032486498355865,329.1620178222656,0.7469691914136358,0.767617505619079,5.0,local_only,0.1875,26.39299258314595,17111.72265625,79.4,,,,1
74ea10c6-3904-409e-9521-e4caf3deb150,1,client_5,0,dropped_out,0,"{""0"": 6, ""1"": 3, ""2"": 6}",15,0.0,0,0,,,,,,,,,,,,,,,,,,,,,0
