run_id,round,client_id,participated,round_fail_reason,rounds_participated_so_far,data_distribution_json,samples_count,computation_time_s,comm_bytes_up,comm_bytes_down,loss,accuracy,f1,rmse,rmse_original_units,silhouette,inertia,metric_score,extra_metric,ari,nmi,clustering_k,clustering_agg,cpu_time_s,cpu_utilization,memory_used_mb,memory_utilization,gpu_utilization,gpu_memory_used_mb,gpu_memory_utilization,availability_flag
3fe5c245-15d7-4eb5-9e17-841202f0720b,1,client_1,1,,1,"{""bin_0"": 66, ""bin_1"": 312, ""bin_2"": 347, ""bin_3"": 307, ""bin_4"": 226, ""bin_5"": 147, ""bin_6"": 93, ""bin_7"": 66, ""bin_8"": 41, ""bin_9"": 105}",1710,0.7271640300750732,0,0,0.29245495406530064,,,0.5407910447347484,,,,0.6490172716263112,,,,,,0.71875,4.942144896288362,22543.41796875,97.6,,,,1
3fe5c245-15d7-4eb5-9e17-841202f0720b,1,client_2,1,,1,"{""bin_0"": 46, ""bin_1"": 188, ""bin_2"": 229, ""bin_3"": 194, ""bin_4"": 152, ""bin_5"": 100, ""bin_6"": 63, ""bin_7"": 50, ""bin_8"": 35, ""bin_9"": 77}",1134,0.4740917682647705,0,0,0.3198479498538001,,,0.5655510143689958,,,,0.638752739975743,,,,,,0.484375,5.108451911882664,22543.48046875,97.6,,,,1
3fe5c245-15d7-4eb5-9e17-841202f0720b,1,client_3,1,,1,"{""bin_0"": 34, ""bin_1"": 132, ""bin_2"": 152, ""bin_3"": 130, ""bin_4"": 97, ""bin_5"": 69, ""bin_6"": 44, ""bin_7"": 23, ""bin_8"": 13, ""bin_9"": 37}",731,0.2939565181732178,0,0,0.31425277722916756,,,0.5605825338245632,,,,0.6407863591483829,,,,,,0.296875,5.049641386503675,22543.5078125,97.6,,,,1
3fe5c245-15d7-4eb5-9e17-841202f0720b,1,client_4,1,,1,"{""bin_0"": 532, ""bin_1"": 2238, ""bin_2"": 2563, ""bin_3"": 2401, ""bin_4"": 1792, ""bin_5"": 1082, ""bin_6"": 797, ""bin_7"": 479, ""bin_8"": 294, ""bin_9"": 752}",12930,6.649151563644409,0,0,0.20603795938380845,,,0.45391404404777835,,,,0.6877985697255828,,,,,,6.640625,4.993588231849737,22639.5703125,97.9,,,,1
3fe5c245-15d7-4eb5-9e17-841202f0720b,1,client_5,1,,1,"{""bin_0"": 1, ""bin_1"": 1, ""bin_2"": 5, ""bin_3"": 0, ""bin_4"": 0, ""bin_5"": 0, ""bin_6"": 0, ""bin_7"": 0, ""bin_8"": 0, ""bin_9"": 0}",7,0.03631234169006348,0,0,1.5315966738460485,,,1.237576936536088,,,,0.44691200721261626,,,,,,0.03125,4.302944749023341,22543.51171875,97.6,,,,1
