run_id,round,client_id,participated,round_fail_reason,rounds_participated_so_far,data_distribution_json,samples_count,computation_time_s,comm_bytes_up,comm_bytes_down,loss,accuracy,f1,rmse,rmse_original_units,silhouette,inertia,metric_score,extra_metric,ari,nmi,clustering_k,clustering_agg,cpu_time_s,cpu_utilization,memory_used_mb,memory_utilization,gpu_utilization,gpu_memory_used_mb,gpu_memory_utilization,availability_flag
6ecae83d-705d-4d88-97be-713fc66b7871,1,client_1,0,dropped_out,0,"{""0"": 28, ""1"": 31, ""2"": 26, ""3"": 23, ""4"": 26, ""5"": 32, ""6"": 28, ""7"": 33, ""8"": 26, ""9"": 34}",287,0.0,0,0,,,,,,,,,,,,,,,,,,,,,0
6ecae83d-705d-4d88-97be-713fc66b7871,1,client_2,1,,1,"{""0"": 26, ""1"": 31, ""2"": 29, ""3"": 36, ""4"": 36, ""5"": 23, ""6"": 27, ""7"": 29, ""8"": 22, ""9"": 28}",287,0.12160325050354004,0,0,,,,,,0.09268154203891754,10326.8759765625,0.09268154203891754,10326.8759765625,0.3451646489465019,0.5314644866666706,8.0,local_only,0.96875,39.83240563013561,22950.46875,97.8,,,,1
6ecae83d-705d-4d88-97be-713fc66b7871,1,client_3,1,,1,"{""0"": 31, ""1"": 29, ""2"": 33, ""3"": 39, ""4"": 23, ""5"": 31, ""6"": 31, ""7"": 24, ""8"": 22, ""9"": 24}",287,0.12855195999145508,0,0,,,,,,0.10986421257257462,8825.94140625,0.10986421257257462,8825.94140625,0.5446697522783789,0.6940429281312146,8.0,local_only,0.984375,38.28704751236123,22951.15625,97.8,,,,1
6ecae83d-705d-4d88-97be-713fc66b7871,1,client_4,1,,1,"{""0"": 31, ""1"": 29, ""2"": 25, ""3"": 24, ""4"": 30, ""5"": 28, ""6"": 39, ""7"": 29, ""8"": 31, ""9"": 21}",287,0.11790728569030762,0,0,,,,,,0.09857048094272614,11081.345703125,0.09857048094272614,11081.345703125,0.3430655183838281,0.5456861989931111,8.0,local_only,1.046875,44.393991171575955,22951.3359375,97.8,,,,1
6ecae83d-705d-4d88-97be-713fc66b7871,1,client_5,1,,1,"{""0"": 26, ""1"": 26, ""2"": 29, ""3"": 24, ""4"": 30, ""5"": 31, ""6"": 20, ""7"": 28, ""8"": 37, ""9"": 36}",287,0.12163972854614258,0,0,,,,,,0.11980554461479187,11146.78515625,0.11980554461479187,11146.78515625,0.349674822484019,0.5613906212736057,8.0,local_only,0.9375,38.53592946996633,22951.33984375,97.8,,,,1
