run_id,round,client_id,participated,round_fail_reason,rounds_participated_so_far,data_distribution_json,samples_count,computation_time_s,comm_bytes_up,comm_bytes_down,loss,accuracy,f1,rmse,rmse_original_units,silhouette,inertia,metric_score,extra_metric,ari,nmi,clustering_k,clustering_agg,cpu_time_s,cpu_utilization,memory_used_mb,memory_utilization,gpu_utilization,gpu_memory_used_mb,gpu_memory_utilization,availability_flag
ddfbad36-bea0-4cbb-98ea-c363ff9539b8,1,client_1,1,,1,"{""0"": 1, ""1"": 1, ""2"": 1, ""3"": 1, ""4"": 1, ""5"": 146, ""6"": 34, ""7"": 143, ""8"": 1, ""9"": 1}",330,0.06275534629821777,0,0,,,,,,0.06690659373998642,8978.244140625,0.06690659373998642,8978.244140625,0.1735494000422953,0.3379824156368917,8,local_only,0.609375,48.551640294056185,22950.07421875,97.8,,,,1
ddfbad36-bea0-4cbb-98ea-c363ff9539b8,1,client_2,1,,1,"{""0"": 9, ""1"": 128, ""2"": 0, ""3"": 73, ""4"": 0, ""5"": 0, ""6"": 13, ""7"": 0, ""8"": 136, ""9"": 15}",374,0.06574606895446777,0,0,,,,,,0.06094995141029358,9643.814453125,0.06094995141029358,9643.814453125,0.26783023346068624,0.4433550052902811,8,local_only,0.46875,35.648519177977875,22950.37109375,97.9,,,,1
ddfbad36-bea0-4cbb-98ea-c363ff9539b8,1,client_3,1,,1,"{""0"": 0, ""1"": 1, ""2"": 0, ""3"": 0, ""4"": 92, ""5"": 0, ""6"": 7, ""7"": 0, ""8"": 0, ""9"": 36}",136,0.05237936973571777,0,0,,,,,,0.049933020025491714,3427.939453125,0.049933020025491714,3427.939453125,0.08707332136190722,0.2667779511392541,8,local_only,0.65625,62.64393818703202,22950.375,97.8,,,,1
ddfbad36-bea0-4cbb-98ea-c363ff9539b8,1,client_4,1,,1,"{""0"": 132, ""1"": 0, ""2"": 15, ""3"": 72, ""4"": 52, ""5"": 0, ""6"": 39, ""7"": 0, ""8"": 2, ""9"": 92}",404,0.0625162124633789,0,0,,,,,,0.036014433950185776,11489.552734375,0.036014433950185776,11489.552734375,0.22730751885850414,0.4737006666115622,8,local_only,0.53125,42.4889783839031,22950.45703125,97.8,,,,1
ddfbad36-bea0-4cbb-98ea-c363ff9539b8,1,client_5,1,,1,"{""0"": 0, ""1"": 15, ""2"": 126, ""3"": 0, ""4"": 0, ""5"": 0, ""6"": 52, ""7"": 0, ""8"": 0, ""9"": 0}",193,0.052616119384765625,0,0,,,,,,0.07701873779296875,5043.478515625,0.07701873779296875,5043.478515625,0.1686011636197901,0.3575297742398311,8,local_only,0.421875,40.089900674255055,22950.453125,97.8,,,,1
