run_id,round,client_id,participated,round_fail_reason,rounds_participated_so_far,data_distribution_json,samples_count,computation_time_s,comm_bytes_up,comm_bytes_down,loss,accuracy,f1,rmse,rmse_original_units,silhouette,inertia,metric_score,extra_metric,ari,nmi,clustering_k,clustering_agg,cpu_time_s,cpu_utilization,memory_used_mb,memory_utilization,gpu_utilization,gpu_memory_used_mb,gpu_memory_utilization,availability_flag
829d48db-e75f-4bdc-a543-1b4b8fd8a713,1,client_1,1,,1,"{""0"": 7, ""1"": 11, ""2"": 10}",28,0.04445791244506836,0,0,,0.9444444444444444,0.9484126984126985,,,,,0.9444444444444444,0.9484126984126985,,,,,0.046875,5.271839974258595,8757.2734375,74.8,,,,1
829d48db-e75f-4bdc-a543-1b4b8fd8a713,1,client_2,1,,1,"{""0"": 7, ""1"": 11, ""2"": 10}",28,0.04454946517944336,0,0,,0.8333333333333334,0.8452380952380952,,,,,0.8333333333333334,0.8452380952380952,,,,,0.03125,3.5073372793732003,8757.2734375,74.8,,,,1
829d48db-e75f-4bdc-a543-1b4b8fd8a713,1,client_3,1,,1,"{""0"": 9, ""1"": 14, ""2"": 5}",28,0.0469517707824707,0,0,,0.9444444444444444,0.9407407407407408,,,,,0.9444444444444444,0.9407407407407408,,,,,0.046875,4.991824506169705,8757.27734375,74.8,,,,1
829d48db-e75f-4bdc-a543-1b4b8fd8a713,1,client_4,1,,1,"{""0"": 11, ""1"": 11, ""2"": 6}",28,0.045453786849975586,0,0,,0.8333333333333334,0.8424242424242424,,,,,0.8333333333333334,0.8424242424242424,,,,,0.046875,5.156336055642104,8757.27734375,74.8,,,,1
829d48db-e75f-4bdc-a543-1b4b8fd8a713,1,client_5,1,,1,"{""0"": 11, ""1"": 10, ""2"": 7}",28,0.047271013259887695,0,0,,0.9722222222222222,0.9743209876543211,,,,,0.9722222222222222,0.9743209876543211,,,,,0.046875,4.958112463370472,8757.27734375,74.8,,,,1
