run_id,round,client_id,participated,round_fail_reason,rounds_participated_so_far,data_distribution_json,samples_count,computation_time_s,comm_bytes_up,comm_bytes_down,loss,accuracy,f1,rmse,rmse_original_units,silhouette,inertia,metric_score,extra_metric,ari,nmi,clustering_k,clustering_agg,cpu_time_s,cpu_utilization,memory_used_mb,memory_utilization,gpu_utilization,gpu_memory_used_mb,gpu_memory_utilization,availability_flag
068a08ea-a5cd-402a-bf3b-fe65bab73e60,1,client_1,1,,1,"{""0"": 8, ""1"": 146, ""2"": 11, ""3"": 143, ""4"": 1, ""5"": 1, ""6"": 14, ""7"": 1, ""8"": 2, ""9"": 1}",328,0.13655376434326172,0,0,,,,,,0.013573069125413895,7155.06689453125,0.013573069125413895,7155.06689453125,0.21726263260965986,0.39087122074471453,11,local_only,1.375,50.34647000076823,22951.42578125,97.8,,,,1
068a08ea-a5cd-402a-bf3b-fe65bab73e60,1,client_2,1,,1,"{""0"": 125, ""1"": 0, ""2"": 4, ""3"": 1, ""4"": 0, ""5"": 108, ""6"": 1, ""7"": 0, ""8"": 19, ""9"": 0}",258,0.12459158897399902,0,0,,,,,,0.021434562280774117,4666.0693359375,0.021434562280774117,4666.0693359375,0.129103070311929,0.40106978742541394,11,local_only,1.03125,41.38521743290437,22951.4375,97.8,,,,1
068a08ea-a5cd-402a-bf3b-fe65bab73e60,1,client_3,1,,1,"{""0"": 9, ""1"": 0, ""2"": 0, ""3"": 2, ""4"": 0, ""5"": 27, ""6"": 0, ""7"": 142, ""8"": 6, ""9"": 0}",186,0.11245131492614746,0,0,,,,,,0.020291656255722046,4045.4658203125,0.020291656255722046,4045.4658203125,0.13743964746048412,0.36641558635950633,11,local_only,1.359375,60.44282367408381,22951.41796875,97.8,,,,1
068a08ea-a5cd-402a-bf3b-fe65bab73e60,1,client_4,1,,1,"{""0"": 0, ""1"": 0, ""2"": 17, ""3"": 0, ""4"": 0, ""5"": 9, ""6"": 17, ""7"": 0, ""8"": 0, ""9"": 143}",186,0.12967443466186523,0,0,,,,,,0.025502029806375504,3604.00634765625,0.025502029806375504,3604.00634765625,0.26025291263563444,0.42721843130094567,11,local_only,1.203125,46.39021574056709,22951.4375,97.8,,,,1
068a08ea-a5cd-402a-bf3b-fe65bab73e60,1,client_5,1,,1,"{""0"": 0, ""1"": 0, ""2"": 110, ""3"": 0, ""4"": 144, ""5"": 0, ""6"": 113, ""7"": 0, ""8"": 112, ""9"": 0}",479,0.1343834400177002,0,0,,,,,,0.06026550754904747,15892.369140625,0.06026550754904747,15892.369140625,0.2021347553957816,0.4080611445246869,11,local_only,1.078125,40.113759547232746,22951.44140625,97.8,,,,1
