run_id,round,client_id,participated,round_fail_reason,rounds_participated_so_far,data_distribution_json,samples_count,computation_time_s,comm_bytes_up,comm_bytes_down,loss,accuracy,f1,rmse,rmse_original_units,silhouette,inertia,metric_score,extra_metric,ari,nmi,clustering_k,clustering_agg,cpu_time_s,cpu_utilization,memory_used_mb,memory_utilization,gpu_utilization,gpu_memory_used_mb,gpu_memory_utilization,availability_flag
9f67c61b-167c-40ce-a5f2-5f9209bc67e4,1,client_1,1,,1,"{""0"": 8, ""1"": 7, ""2"": 15}",30,0.034590959548950195,0,0,,,,,,0.4702197015285492,49.49801254272461,0.4702197015285492,49.49801254272461,0.4402616047216462,0.5391501630084202,2,local_only,0.21875,31.619533376985903,17108.390625,79.0,,,,1
9f67c61b-167c-40ce-a5f2-5f9209bc67e4,1,client_2,1,,1,"{""0"": 10, ""1"": 4, ""2"": 19}",33,0.03138542175292969,0,0,,,,,,0.5750830173492432,30.543066024780273,0.5750830173492432,30.543066024780273,0.5538461538461539,0.7336804366512115,2,local_only,0.09375,14.93527803099362,17108.40234375,79.0,,,,1
9f67c61b-167c-40ce-a5f2-5f9209bc67e4,1,client_3,1,,1,"{""0"": 2, ""1"": 0, ""2"": 3}",5,0.029506206512451172,0,0,,,,,,0.4702197015285492,1.6323515176773071,0.4702197015285492,1.6323515176773071,0.4402616047216462,0.5391501630084202,2,local_only,0.125,21.181984194961135,17108.3984375,79.0,,,,1
9f67c61b-167c-40ce-a5f2-5f9209bc67e4,1,client_4,1,,1,"{""0"": 20, ""1"": 0, ""2"": 3}",23,0.03267264366149902,0,0,,,,,,0.5750830173492432,24.25355339050293,0.5750830173492432,24.25355339050293,0.5538461538461539,0.7336804366512115,2,local_only,0.25,38.258306029670386,17108.40625,79.0,,,,1
9f67c61b-167c-40ce-a5f2-5f9209bc67e4,1,client_5,1,,1,"{""0"": 0, ""1"": 29, ""2"": 0}",29,0.030991077423095703,0,0,,,,,,0.12252523005008698,13.327235221862793,0.12252523005008698,13.327235221862793,-0.010680157391793142,0.02704063993697091,2,local_only,0.109375,17.646208053174956,17108.40234375,79.0,,,,1
