run_id,round,client_id,participated,round_fail_reason,rounds_participated_so_far,data_distribution_json,samples_count,computation_time_s,comm_bytes_up,comm_bytes_down,loss,accuracy,f1,rmse,rmse_original_units,silhouette,inertia,metric_score,extra_metric,ari,nmi,clustering_k,clustering_agg,cpu_time_s,cpu_utilization,memory_used_mb,memory_utilization,gpu_utilization,gpu_memory_used_mb,gpu_memory_utilization,availability_flag
0296131f-f8c9-42b3-baa5-c5f25a577d34,1,client_1,1,,1,"{""0"": 827, ""1"": 1879, ""2"": 741, ""3"": 784, ""4"": 1649, ""5"": 2007, ""6"": 509, ""7"": 1215, ""8"": 717, ""9"": 1898}",12226,5.91680908203125,0,0,,,,,,0.1488184630870819,388149.375,0.1488184630870819,388149.375,0.350458855056897,0.5072452760877348,9,local_only,52.71875,44.549984010893226,13752.83203125,86.6,,,,1
0296131f-f8c9-42b3-baa5-c5f25a577d34,1,client_2,1,,1,"{""0"": 3613, ""1"": 2038, ""2"": 262, ""3"": 3735, ""4"": 804, ""5"": 1281, ""6"": 2226, ""7"": 2286, ""8"": 3135, ""9"": 1023}",20403,8.736522912979126,0,0,,,,,,0.1600094586610794,648358.375,0.1600094586610794,648358.375,0.3676702881281811,0.5334036001268736,9,local_only,64.75,37.05707673690542,13752.83203125,86.6,,,,1
0296131f-f8c9-42b3-baa5-c5f25a577d34,1,client_3,1,,1,"{""0"": 42, ""1"": 107, ""2"": 3236, ""3"": 155, ""4"": 2281, ""5"": 419, ""6"": 84, ""7"": 1552, ""8"": 1898, ""9"": 1591}",11365,5.068906784057617,0,0,,,,,,0.13461412489414215,363323.0625,0.13461412489414215,363323.0625,0.251099444205708,0.46023864064468323,9,local_only,46.90625,46.26860583383222,13752.83203125,86.6,,,,1
0296131f-f8c9-42b3-baa5-c5f25a577d34,1,client_4,1,,1,"{""0"": 424, ""1"": 464, ""2"": 1638, ""3"": 1227, ""4"": 91, ""5"": 636, ""6"": 496, ""7"": 301, ""8"": 181, ""9"": 106}",5564,2.730696201324463,0,0,,,,,,0.12116432934999466,170248.109375,0.12116432934999466,170248.109375,0.34184654566973816,0.47372160252240053,9,local_only,35.796875,65.54532683393622,13752.83203125,86.6,,,,1
0296131f-f8c9-42b3-baa5-c5f25a577d34,1,client_5,1,,1,"{""0"": 1094, ""1"": 1512, ""2"": 123, ""3"": 99, ""4"": 1175, ""5"": 1657, ""6"": 2685, ""7"": 646, ""8"": 69, ""9"": 1382}",10442,4.872163772583008,0,0,,,,,,0.13675232231616974,308280.6875,0.13675232231616974,308280.6875,0.3153258837908041,0.4717025056460433,9,local_only,46.640625,47.86438549383284,13752.83203125,86.6,,,,1
