run_id,round,client_id,participated,round_fail_reason,rounds_participated_so_far,data_distribution_json,samples_count,computation_time_s,comm_bytes_up,comm_bytes_down,loss,accuracy,f1,rmse,rmse_original_units,silhouette,inertia,metric_score,extra_metric,ari,nmi,clustering_k,clustering_agg,cpu_time_s,cpu_utilization,memory_used_mb,memory_utilization,gpu_utilization,gpu_memory_used_mb,gpu_memory_utilization,availability_flag
81d53297-6f7f-4ed0-a6d3-524a968deeee,1,client_1,1,,1,"{""0"": 9, ""1"": 12, ""2"": 7}",28,0.03421831130981445,0,0,,,,,,0.3693215548992157,10.10551643371582,0.3693215548992157,10.10551643371582,0.498103186646434,0.7033200241034202,2.0,local_only,0.234375,34.24701439500564,17111.7890625,79.4,,,,1
81d53297-6f7f-4ed0-a6d3-524a968deeee,1,client_2,1,,1,"{""0"": 10, ""1"": 8, ""2"": 10}",28,0.03412437438964844,0,0,,,,,,0.3243395984172821,9.592803001403809,0.3243395984172821,9.592803001403809,0.34867220758159334,0.4744615454759641,2.0,local_only,0.234375,34.34128891621486,17111.78125,79.4,,,,1
81d53297-6f7f-4ed0-a6d3-524a968deeee,1,client_3,1,,1,"{""0"": 9, ""1"": 11, ""2"": 8}",28,0.03141927719116211,0,0,,,,,,0.3243395984172821,10.868690490722656,0.3243395984172821,10.868690490722656,0.34867220758159334,0.4744615454759641,2.0,local_only,0.203125,32.32490021398977,17111.78515625,79.4,,,,1
81d53297-6f7f-4ed0-a6d3-524a968deeee,1,client_4,0,dropped_out,0,"{""0"": 12, ""1"": 10, ""2"": 6}",28,0.0,0,0,,,,,,,,,,,,,,,,,,,,,0
81d53297-6f7f-4ed0-a6d3-524a968deeee,1,client_5,0,dropped_out,0,"{""0"": 7, ""1"": 15, ""2"": 6}",28,0.0,0,0,,,,,,,,,,,,,,,,,,,,,0
