run_id,round,client_id,participated,round_fail_reason,rounds_participated_so_far,data_distribution_json,samples_count,computation_time_s,comm_bytes_up,comm_bytes_down,loss,accuracy,f1,rmse,rmse_original_units,silhouette,inertia,metric_score,extra_metric,ari,nmi,clustering_k,clustering_agg,cpu_time_s,cpu_utilization,memory_used_mb,memory_utilization,gpu_utilization,gpu_memory_used_mb,gpu_memory_utilization,availability_flag
52e730e4-8c64-4d5d-be17-d9a0ce314f10,1,client_1,1,,1,"{""0"": 6, ""1"": 9, ""2"": 9}",24,0.0635221004486084,0,0,,,,,,0.5896710753440857,33.21565246582031,0.5896710753440857,33.21565246582031,0.5538461538461539,0.7336804366512115,2.0,local_only,0.296875,23.367851338620508,17108.28515625,79.0,,,,1
52e730e4-8c64-4d5d-be17-d9a0ce314f10,1,client_2,1,,1,"{""0"": 8, ""1"": 9, ""2"": 7}",24,0.05882000923156738,0,0,,,,,,0.5896710753440857,35.96393585205078,0.5896710753440857,35.96393585205078,0.5538461538461539,0.7336804366512115,2.0,local_only,0.359375,30.548703127976683,17108.3515625,79.0,,,,1
52e730e4-8c64-4d5d-be17-d9a0ce314f10,1,client_3,0,dropped_out,0,"{""0"": 8, ""1"": 10, ""2"": 6}",24,0.0,0,0,,,,,,,,,,,,,,,,,,,,,0
52e730e4-8c64-4d5d-be17-d9a0ce314f10,1,client_4,1,,1,"{""0"": 6, ""1"": 8, ""2"": 10}",24,0.05824470520019531,0,0,,,,,,0.5896710753440857,42.13420486450195,0.5896710753440857,42.13420486450195,0.5538461538461539,0.7336804366512115,2.0,local_only,0.484375,41.58103284540066,17108.359375,79.0,,,,1
52e730e4-8c64-4d5d-be17-d9a0ce314f10,1,client_5,0,dropped_out,0,"{""0"": 12, ""1"": 4, ""2"": 8}",24,0.0,0,0,,,,,,,,,,,,,,,,,,,,,0
