run_id,round,client_id,participated,round_fail_reason,rounds_participated_so_far,data_distribution_json,samples_count,computation_time_s,comm_bytes_up,comm_bytes_down,loss,accuracy,f1,rmse,rmse_original_units,silhouette,inertia,metric_score,extra_metric,ari,nmi,clustering_k,clustering_agg,cpu_time_s,cpu_utilization,memory_used_mb,memory_utilization,gpu_utilization,gpu_memory_used_mb,gpu_memory_utilization,availability_flag
fdb685e0-5673-44ed-b624-38c4a8d8efe9,1,client_1,1,,1,"{""bin_0"": 93, ""bin_1"": 379, ""bin_2"": 443, ""bin_3"": 416, ""bin_4"": 306, ""bin_5"": 175, ""bin_6"": 145, ""bin_7"": 71, ""bin_8"": 55, ""bin_9"": 130}",2213,0.9535529613494873,0,0,0.2562482033600417,,,0.5062096436853428,,,,0.6639182030153742,,,,,,0.953125,4.997755964446475,22551.640625,97.9,,,,1
fdb685e0-5673-44ed-b624-38c4a8d8efe9,1,client_2,1,,1,"{""bin_0"": 287, ""bin_1"": 1212, ""bin_2"": 1374, ""bin_3"": 1254, ""bin_4"": 933, ""bin_5"": 563, ""bin_6"": 427, ""bin_7"": 265, ""bin_8"": 157, ""bin_9"": 396}",6868,3.3189680576324463,0,0,0.21351158046704904,,,0.4620731332452137,,,,0.6839603144751061,,,,,,3.328125,5.013794863657238,22586.78515625,98.1,,,,1
fdb685e0-5673-44ed-b624-38c4a8d8efe9,1,client_3,1,,1,"{""bin_0"": 31, ""bin_1"": 104, ""bin_2"": 110, ""bin_3"": 107, ""bin_4"": 64, ""bin_5"": 34, ""bin_6"": 34, ""bin_7"": 26, ""bin_8"": 12, ""bin_9"": 39}",561,0.23304057121276855,0,0,0.34942192998417754,,,0.5911192180805641,,,,0.6284884178611978,,,,,,0.234375,5.028630825531515,22535.640625,97.9,,,,1
fdb685e0-5673-44ed-b624-38c4a8d8efe9,1,client_4,1,,1,"{""bin_0"": 41, ""bin_1"": 164, ""bin_2"": 188, ""bin_3"": 163, ""bin_4"": 130, ""bin_5"": 75, ""bin_6"": 49, ""bin_7"": 35, ""bin_8"": 19, ""bin_9"": 56}",920,0.3776233196258545,0,0,0.2766843477262095,,,0.526007935041107,,,,0.6553045872419152,,,,,,0.375,4.965265391601694,22535.65625,97.9,,,,1
fdb685e0-5673-44ed-b624-38c4a8d8efe9,1,client_5,1,,1,"{""bin_0"": 234, ""bin_1"": 1034, ""bin_2"": 1182, ""bin_3"": 1070, ""bin_4"": 812, ""bin_5"": 544, ""bin_6"": 341, ""bin_7"": 220, ""bin_8"": 140, ""bin_9"": 373}",5950,2.794313669204712,0,0,0.22436913543465245,,,0.4736761925985435,,,,0.6785751205199922,,,,,,2.796875,5.004583112525118,22538.171875,97.9,,,,1
