run_id,round,client_id,participated,round_fail_reason,rounds_participated_so_far,data_distribution_json,samples_count,computation_time_s,comm_bytes_up,comm_bytes_down,loss,accuracy,f1,rmse,rmse_original_units,silhouette,inertia,metric_score,extra_metric,ari,nmi,clustering_k,clustering_agg,cpu_time_s,cpu_utilization,memory_used_mb,memory_utilization,gpu_utilization,gpu_memory_used_mb,gpu_memory_utilization,availability_flag
b840cec3-65da-45b8-9814-21f0da60bfb5,1,client_1,1,,1,"{""0"": 8, ""1"": 6, ""2"": 10}",24,0.0337834358215332,0,0,,,,,,0.3939361870288849,24.451183319091797,0.3939361870288849,24.451183319091797,0.5525349008082292,0.6356354027194472,3.0,local_only,0.109375,16.187666727829612,13364.0234375,85.4,,,,1
b840cec3-65da-45b8-9814-21f0da60bfb5,1,client_2,0,dropped_out,0,"{""0"": 7, ""1"": 8, ""2"": 9}",24,0.0,0,0,,,,,,,,,,,,,,,,,,,,,0
b840cec3-65da-45b8-9814-21f0da60bfb5,1,client_3,1,,1,"{""0"": 12, ""1"": 6, ""2"": 6}",24,0.03090190887451172,0,0,,,,,,0.43628987669944763,20.10515785217285,0.43628987669944763,20.10515785217285,0.5797101449275363,0.7210020219751473,3.0,local_only,0.171875,27.809770700243806,13364.03125,85.4,,,,1
b840cec3-65da-45b8-9814-21f0da60bfb5,1,client_4,1,,1,"{""0"": 6, ""1"": 11, ""2"": 7}",24,0.029009342193603516,0,0,,,,,,0.40439358353614807,14.033226013183594,0.40439358353614807,14.033226013183594,0.5525349008082292,0.6356354027194472,3.0,local_only,0.125,21.54478360208426,13364.0234375,85.4,,,,1
b840cec3-65da-45b8-9814-21f0da60bfb5,1,client_5,1,,1,"{""0"": 7, ""1"": 9, ""2"": 8}",24,0.029442548751831055,0,0,,,,,,0.4151272177696228,20.32520294189453,0.4151272177696228,20.32520294189453,0.667144906743185,0.7649659696235374,3.0,local_only,0.1875,31.84167267250245,13364.01953125,85.4,,,,1
