run_id,round,client_id,participated,round_fail_reason,rounds_participated_so_far,data_distribution_json,samples_count,computation_time_s,comm_bytes_up,comm_bytes_down,loss,accuracy,f1,rmse,rmse_original_units,silhouette,inertia,metric_score,extra_metric,ari,nmi,clustering_k,clustering_agg,cpu_time_s,cpu_utilization,memory_used_mb,memory_utilization,gpu_utilization,gpu_memory_used_mb,gpu_memory_utilization,availability_flag
6bc85157-0860-4044-bb2c-e40e6763bb5a,1,client_1,1,,1,"{""0"": 9, ""1"": 4, ""2"": 11}",24,0.05946660041809082,0,0,,,,,,0.5598532557487488,25.18777084350586,0.5598532557487488,25.18777084350586,0.5538461538461539,0.7336804366512115,2.0,local_only,0.296875,24.961490812722268,17108.43359375,79.0,,,,1
6bc85157-0860-4044-bb2c-e40e6763bb5a,1,client_2,1,,1,"{""0"": 9, ""1"": 8, ""2"": 7}",24,0.06737780570983887,0,0,,,,,,0.5598532557487488,37.389583587646484,0.5598532557487488,37.389583587646484,0.5538461538461539,0.7336804366512115,2.0,local_only,0.5,37.10420625400296,17108.44140625,79.0,,,,1
6bc85157-0860-4044-bb2c-e40e6763bb5a,1,client_3,0,dropped_out,0,"{""0"": 6, ""1"": 11, ""2"": 7}",24,0.0,0,0,,,,,,,,,,,,,,,,,,,,,0
6bc85157-0860-4044-bb2c-e40e6763bb5a,1,client_4,1,,1,"{""0"": 8, ""1"": 9, ""2"": 7}",24,0.05542254447937012,0,0,,,,,,0.5598532557487488,30.335285186767578,0.5598532557487488,30.335285186767578,0.5538461538461539,0.7336804366512115,2.0,local_only,0.296875,26.78287353898967,17108.44140625,79.0,,,,1
6bc85157-0860-4044-bb2c-e40e6763bb5a,1,client_5,1,,1,"{""0"": 8, ""1"": 8, ""2"": 8}",24,0.05668783187866211,0,0,,,,,,0.5598532557487488,30.72661018371582,0.5598532557487488,30.72661018371582,0.5538461538461539,0.7336804366512115,2.0,local_only,0.515625,45.47933682696432,17108.4296875,79.0,,,,1
