run_id,round,client_id,participated,round_fail_reason,rounds_participated_so_far,data_distribution_json,samples_count,computation_time_s,comm_bytes_up,comm_bytes_down,loss,accuracy,f1,rmse,rmse_original_units,silhouette,inertia,metric_score,extra_metric,ari,nmi,clustering_k,clustering_agg,cpu_time_s,cpu_utilization,memory_used_mb,memory_utilization,gpu_utilization,gpu_memory_used_mb,gpu_memory_utilization,availability_flag
34187ead-d38b-4acc-9f6b-a405e2335b10,1,client_1,1,,1,"{""bin_0"": 132, ""bin_1"": 601, ""bin_2"": 679, ""bin_3"": 614, ""bin_4"": 395, ""bin_5"": 302, ""bin_6"": 208, ""bin_7"": 109, ""bin_8"": 73, ""bin_9"": 189}",3302,1.4791524410247803,0,0,0.37274239269106363,,,0.610526324322763,,,,0.6209150293898528,,,,,,1.4375,4.85920166214943,11289.18359375,83.4,,,,1
34187ead-d38b-4acc-9f6b-a405e2335b10,1,client_2,1,,1,"{""bin_0"": 146, ""bin_1"": 551, ""bin_2"": 652, ""bin_3"": 640, ""bin_4"": 491, ""bin_5"": 281, ""bin_6"": 174, ""bin_7"": 113, ""bin_8"": 71, ""bin_9"": 183}",3302,1.4983570575714111,0,0,0.3738765738339928,,,0.6114544740485532,,,,0.62055740084772,,,,,,1.46875,4.901201594700668,11289.1953125,83.4,,,,1
34187ead-d38b-4acc-9f6b-a405e2335b10,1,client_3,1,,1,"{""bin_0"": 137, ""bin_1"": 592, ""bin_2"": 653, ""bin_3"": 593, ""bin_4"": 454, ""bin_5"": 293, ""bin_6"": 205, ""bin_7"": 126, ""bin_8"": 67, ""bin_9"": 182}",3302,1.4608259201049805,0,0,0.36539966310935434,,,0.6044829717281988,,,,0.6232537319625734,,,,,,1.4375,4.9201618762922,11289.1953125,83.4,,,,1
34187ead-d38b-4acc-9f6b-a405e2335b10,1,client_4,1,,1,"{""bin_0"": 133, ""bin_1"": 546, ""bin_2"": 659, ""bin_3"": 601, ""bin_4"": 440, ""bin_5"": 297, ""bin_6"": 199, ""bin_7"": 137, ""bin_8"": 79, ""bin_9"": 211}",3302,1.4445445537567139,0,0,0.36215518584103246,,,0.6017933082388275,,,,0.6243002732353155,,,,,,1.4375,4.975616696146915,11289.1953125,83.4,,,,1
34187ead-d38b-4acc-9f6b-a405e2335b10,1,client_5,1,,1,"{""bin_0"": 126, ""bin_1"": 618, ""bin_2"": 648, ""bin_3"": 580, ""bin_4"": 466, ""bin_5"": 257, ""bin_6"": 204, ""bin_7"": 116, ""bin_8"": 87, ""bin_9"": 200}",3302,1.4348692893981934,0,0,0.3668997769147457,,,0.6057225246882814,,,,0.6227726052445641,,,,,,1.4375,5.009167074036792,11289.1953125,83.4,,,,1
