run_id,round,client_id,participated,round_fail_reason,rounds_participated_so_far,data_distribution_json,samples_count,computation_time_s,comm_bytes_up,comm_bytes_down,loss,accuracy,f1,rmse,rmse_original_units,silhouette,inertia,metric_score,extra_metric,ari,nmi,clustering_k,clustering_agg,cpu_time_s,cpu_utilization,memory_used_mb,memory_utilization,gpu_utilization,gpu_memory_used_mb,gpu_memory_utilization,availability_flag
d64a89e8-a4eb-4485-831d-91c6fd93d6fc,1,client_1,1,,1,"{""0"": 2744, ""1"": 2113, ""2"": 587, ""3"": 2516, ""4"": 289, ""5"": 610, ""6"": 10, ""7"": 4014, ""8"": 697, ""9"": 179}",13759,1.8423328399658203,0,0,,,,,,0.03666168823838234,480890.53125,0.03666168823838234,480890.53125,0.22856668485181528,0.40528239230657487,11,local_only,19.921875,54.06698118774672,17500.4296875,80.6,,,,1
d64a89e8-a4eb-4485-831d-91c6fd93d6fc,1,client_2,1,,1,"{""0"": 1392, ""1"": 320, ""2"": 1730, ""3"": 1197, ""4"": 1016, ""5"": 584, ""6"": 2383, ""7"": 1032, ""8"": 340, ""9"": 52}",10046,1.1918706893920898,0,0,,,,,,0.07475759088993073,401512.5625,0.07475759088993073,401512.5625,0.3930465795516355,0.5385304171755326,11,local_only,12.96875,54.405021095932284,17500.4296875,80.6,,,,1
d64a89e8-a4eb-4485-831d-91c6fd93d6fc,1,client_3,1,,1,"{""0"": 89, ""1"": 2707, ""2"": 1592, ""3"": 531, ""4"": 828, ""5"": 102, ""6"": 992, ""7"": 799, ""8"": 1040, ""9"": 1718}",10398,1.2198176383972168,0,0,,,,,,0.03171597793698311,345162.46875,0.03171597793698311,345162.46875,0.2864071758534343,0.4508887969380048,11,local_only,12.828125,52.58214259327958,17500.4375,80.6,,,,1
d64a89e8-a4eb-4485-831d-91c6fd93d6fc,1,client_4,1,,1,"{""0"": 82, ""1"": 474, ""2"": 257, ""3"": 835, ""4"": 1823, ""5"": 1376, ""6"": 806, ""7"": 355, ""8"": 3308, ""9"": 1293}",10609,1.2425003051757812,0,0,,,,,,0.05755700543522835,403733.09375,0.05755700543522835,403733.09375,0.2944439206454443,0.41255417230033425,11,local_only,13.484375,54.263065143039604,17500.44140625,80.6,,,,1
d64a89e8-a4eb-4485-831d-91c6fd93d6fc,1,client_5,1,,1,"{""0"": 1616, ""1"": 1128, ""2"": 1792, ""3"": 1052, ""4"": 1886, ""5"": 2749, ""6"": 1727, ""7"": 65, ""8"": 466, ""9"": 2707}",15188,1.7533433437347412,0,0,,,,,,0.07202489674091339,590653.375,0.07202489674091339,590653.375,0.34602108542929505,0.48683041154939505,11,local_only,20.046875,57.167568096784706,17500.49609375,80.7,,,,1
