run_id,round,client_id,participated,round_fail_reason,rounds_participated_so_far,data_distribution_json,samples_count,computation_time_s,comm_bytes_up,comm_bytes_down,loss,accuracy,f1,rmse,rmse_original_units,silhouette,inertia,metric_score,extra_metric,ari,nmi,clustering_k,clustering_agg,cpu_time_s,cpu_utilization,memory_used_mb,memory_utilization,gpu_utilization,gpu_memory_used_mb,gpu_memory_utilization,availability_flag
77c85fdd-b156-4613-8317-3213d1733ed4,1,client_1,1,,1,"{""bin_0"": 148, ""bin_1"": 565, ""bin_2"": 640, ""bin_3"": 599, ""bin_4"": 459, ""bin_5"": 288, ""bin_6"": 194, ""bin_7"": 116, ""bin_8"": 66, ""bin_9"": 227}",3302,1.488013744354248,0,0,0.2267656388917941,,,0.47619915885246383,,,,0.6774153704147607,,,,,,1.484375,4.987773149380999,22551.54296875,97.8,,,,1
77c85fdd-b156-4613-8317-3213d1733ed4,1,client_2,1,,1,"{""bin_0"": 128, ""bin_1"": 607, ""bin_2"": 641, ""bin_3"": 591, ""bin_4"": 445, ""bin_5"": 305, ""bin_6"": 206, ""bin_7"": 102, ""bin_8"": 84, ""bin_9"": 193}",3302,1.4975152015686035,0,0,0.2394133835838417,,,0.489298869387455,,,,0.6714568986487566,,,,,,1.5,5.008296404700245,22551.54296875,97.7,,,,1
77c85fdd-b156-4613-8317-3213d1733ed4,1,client_3,1,,1,"{""bin_0"": 149, ""bin_1"": 582, ""bin_2"": 667, ""bin_3"": 616, ""bin_4"": 447, ""bin_5"": 267, ""bin_6"": 173, ""bin_7"": 131, ""bin_8"": 71, ""bin_9"": 199}",3302,1.4656281471252441,0,0,0.24914337626463406,,,0.49914264120052304,,,,0.6670479329433212,,,,,,1.46875,5.010650221479708,22551.54296875,97.7,,,,1
77c85fdd-b156-4613-8317-3213d1733ed4,1,client_4,1,,1,"{""bin_0"": 137, ""bin_1"": 603, ""bin_2"": 673, ""bin_3"": 596, ""bin_4"": 453, ""bin_5"": 251, ""bin_6"": 215, ""bin_7"": 119, ""bin_8"": 77, ""bin_9"": 178}",3302,1.464353322982788,0,0,0.2483583772874912,,,0.49835567347777954,,,,0.667398280462299,,,,,,1.46875,5.015012350326273,22551.54296875,97.7,,,,1
77c85fdd-b156-4613-8317-3213d1733ed4,1,client_5,1,,1,"{""bin_0"": 138, ""bin_1"": 530, ""bin_2"": 656, ""bin_3"": 612, ""bin_4"": 461, ""bin_5"": 302, ""bin_6"": 199, ""bin_7"": 132, ""bin_8"": 83, ""bin_9"": 189}",3302,1.4849352836608887,0,0,0.23220597335329823,,,0.48187755016528655,,,,0.6748195894380487,,,,,,1.484375,4.998113440811012,22551.54296875,97.7,,,,1
