run_id,round,client_id,participated,round_fail_reason,rounds_participated_so_far,data_distribution_json,samples_count,computation_time_s,comm_bytes_up,comm_bytes_down,loss,accuracy,f1,rmse,rmse_original_units,silhouette,inertia,metric_score,extra_metric,ari,nmi,clustering_k,clustering_agg,cpu_time_s,cpu_utilization,memory_used_mb,memory_utilization,gpu_utilization,gpu_memory_used_mb,gpu_memory_utilization,availability_flag
d8667bc0-c414-4099-b556-655542486ae4,1,client_1,1,,1,"{""bin_0"": 137, ""bin_1"": 582, ""bin_2"": 664, ""bin_3"": 618, ""bin_4"": 436, ""bin_5"": 257, ""bin_6"": 203, ""bin_7"": 129, ""bin_8"": 83, ""bin_9"": 193}",3302,2.652009963989258,0,0,,,,,,0.29941120743751526,9198.10546875,0.29941120743751526,9198.10546875,0.0016132745375452876,0.18577948900229782,5.0,local_only,1.390625,2.621832155389354,22946.26171875,97.7,,,,1
d8667bc0-c414-4099-b556-655542486ae4,1,client_2,1,,1,"{""bin_0"": 143, ""bin_1"": 609, ""bin_2"": 645, ""bin_3"": 577, ""bin_4"": 410, ""bin_5"": 309, ""bin_6"": 203, ""bin_7"": 119, ""bin_8"": 71, ""bin_9"": 216}",3302,0.1516273021697998,0,0,,,,,,0.31670528650283813,9869.8515625,0.31670528650283813,9869.8515625,0.001066136947622721,0.17176209723915664,5.0,local_only,1.484375,48.94814386190565,22947.73828125,97.8,,,,1
d8667bc0-c414-4099-b556-655542486ae4,1,client_3,1,,1,"{""bin_0"": 152, ""bin_1"": 556, ""bin_2"": 648, ""bin_3"": 611, ""bin_4"": 468, ""bin_5"": 269, ""bin_6"": 196, ""bin_7"": 129, ""bin_8"": 77, ""bin_9"": 196}",3302,0.13764309883117676,0,0,,,,,,0.2823001444339752,11884.8173828125,0.2823001444339752,11884.8173828125,0.00028386109361528376,0.15590255361218167,5.0,local_only,1.546875,56.19152042985049,22947.89453125,97.8,,,,1
d8667bc0-c414-4099-b556-655542486ae4,1,client_4,0,dropped_out,0,"{""bin_0"": 127, ""bin_1"": 586, ""bin_2"": 664, ""bin_3"": 600, ""bin_4"": 439, ""bin_5"": 298, ""bin_6"": 192, ""bin_7"": 129, ""bin_8"": 74, ""bin_9"": 193}",3302,0.0,0,0,,,,,,,,,,,,,,,,,,,,,0
d8667bc0-c414-4099-b556-655542486ae4,1,client_5,1,,1,"{""bin_0"": 144, ""bin_1"": 562, ""bin_2"": 680, ""bin_3"": 648, ""bin_4"": 444, ""bin_5"": 269, ""bin_6"": 185, ""bin_7"": 103, ""bin_8"": 78, ""bin_9"": 189}",3302,0.14288687705993652,0,0,,,,,,0.33239367604255676,13547.6640625,0.33239367604255676,13547.6640625,0.0005732211477179199,0.09767820527039081,5.0,local_only,1.515625,53.035836151847704,22947.953125,97.8,,,,1
