run_id,round,global_loss,global_metric,global_metric_name,global_aux_metric,global_score,frontier_json,scheduled_clients,attempted_clients,participating_clients,dropped_clients,avg_client_duration,max_client_duration,avg_cpu_util,max_cpu_util,avg_memory_util,max_memory_util,avg_memory_used_mb,max_memory_used_mb,avg_gpu_util,max_gpu_util,avg_gpu_memory_util,max_gpu_memory_util,avg_gpu_memory_used_mb,max_gpu_memory_used_mb,avg_cpu_time_s,max_cpu_time_s
10a5cec0-3265-419c-ad3a-941bc89181cd,1,1.0728930234909058,0.3888888955116272,accuracy,0.18666666666666668,0.3888888955116272,,5,5,5,0,0.3824295997619629,0.3965752124786377,5.142785021882197,5.931453768522217,75.74,76.1,8979.67109375,9004.6640625,,,,,,,0.39375,0.46875
10a5cec0-3265-419c-ad3a-941bc89181cd,2,1.1055551767349243,0.3888888955116272,accuracy,0.18666666666666668,0.3888888955116272,,5,4,4,1,0.3837735652923584,0.41022610664367676,5.304892471691671,6.658174960472928,75.525,75.6,9041.046875,9061.3828125,,,,,,,0.40625,0.5
10a5cec0-3265-419c-ad3a-941bc89181cd,3,1.163029670715332,0.3888888955116272,accuracy,0.18666666666666668,0.3888888955116272,,5,4,4,1,0.37475305795669556,0.4145195484161377,5.697283098281023,6.327772702211024,75.7,75.8,9092.6083984375,9111.2890625,,,,,,,0.42578125,0.453125
10a5cec0-3265-419c-ad3a-941bc89181cd,4,1.0480905771255493,0.6666666865348816,accuracy,0.5666666666666668,0.6666666865348816,,5,3,3,2,1.6552404562632244,4.205083847045898,5.193151234317472,5.843254970725473,75.46666666666667,75.8,9003.889322916666,9136.140625,,,,,,,1.6302083333333333,4.078125
10a5cec0-3265-419c-ad3a-941bc89181cd,5,1.0031788349151611,0.5277777910232544,accuracy,0.4895663956639566,0.5277777910232544,,5,4,4,1,0.37129318714141846,0.38381147384643555,5.2058836571111495,5.495862275456541,74.85,74.9,8754.796875,8756.99609375,,,,,,,0.38671875,0.421875
