run_id,round,global_loss,global_metric,global_metric_name,global_aux_metric,global_score,frontier_json,scheduled_clients,attempted_clients,participating_clients,dropped_clients,avg_client_duration,max_client_duration,avg_cpu_util,max_cpu_util,avg_memory_util,max_memory_util,avg_memory_used_mb,max_memory_used_mb,avg_gpu_util,max_gpu_util,avg_gpu_memory_util,max_gpu_memory_util,avg_gpu_memory_used_mb,max_gpu_memory_used_mb,avg_cpu_time_s,max_cpu_time_s
e3076992-a3bb-4776-925b-d4eacc0cbccb,1,0.5142765641212463,0.5142765641212463,rmse,,0.6603813488854412,,5,4,4,1,0.38402122259140015,0.3950841426849365,5.857128253427392,6.882246017077306,98.0,98.0,22546.4775390625,22552.05078125,,,,,,,0.44921875,0.515625
e3076992-a3bb-4776-925b-d4eacc0cbccb,2,0.4703421890735626,0.4703421890735626,rmse,,0.680113790810888,,5,3,3,2,0.3797576427459717,0.3874962329864502,5.2748913299949605,5.645216169305294,98.03333333333333,98.1,22567.447916666668,22579.66015625,,,,,,,0.4010416666666667,0.4375
e3076992-a3bb-4776-925b-d4eacc0cbccb,3,0.4517301023006439,0.4517301023006439,rmse,,0.6888332744600666,,5,3,3,2,0.376860777537028,0.38246583938598633,5.1832054354953225,5.233859338752474,98.2,98.2,22599.131510416668,22604.48046875,,,,,,,0.390625,0.390625
e3076992-a3bb-4776-925b-d4eacc0cbccb,4,0.5136106014251709,0.5136106014251709,rmse,,0.6606719053489911,,5,2,2,3,0.3788841962814331,0.3818233013153076,5.259154230652133,5.403049666799422,98.2,98.2,22619.98046875,22626.04296875,,,,,,,0.3984375,0.40625
e3076992-a3bb-4776-925b-d4eacc0cbccb,5,0.5298136472702026,0.5298136472702026,rmse,,0.6536743882396386,,5,3,3,2,0.37450822194417316,0.3768272399902344,5.424616020674034,5.683827095854064,98.2,98.2,22641.450520833332,22648.43359375,,,,,,,0.40625,0.421875
