run_id,round,global_loss,global_metric,global_metric_name,global_aux_metric,global_score,frontier_json,scheduled_clients,attempted_clients,participating_clients,dropped_clients,avg_client_duration,max_client_duration,avg_cpu_util,max_cpu_util,avg_memory_util,max_memory_util,avg_memory_used_mb,max_memory_used_mb,avg_gpu_util,max_gpu_util,avg_gpu_memory_util,max_gpu_memory_util,avg_gpu_memory_used_mb,max_gpu_memory_used_mb,avg_cpu_time_s,max_cpu_time_s
52d42a71-5015-4b9b-b826-24e26f83e045,1,0.8480114340782166,0.8227759599685669,rmse,,0.548613774792841,,10,10,10,0,0.5557857990264893,0.5932087898254395,6.34908264636443,7.740422992395087,82.06,82.2,10857.123828125,10890.37109375,,,,,,,0.7046875,0.828125
52d42a71-5015-4b9b-b826-24e26f83e045,2,0.7208214402198792,0.6938439607620239,rmse,,0.590373153115073,,10,8,8,2,0.5507295727729797,0.5800530910491943,6.266018030494569,7.61563642183872,82.2625,82.4,10927.21630859375,10955.3046875,,,,,,,0.689453125,0.828125
52d42a71-5015-4b9b-b826-24e26f83e045,3,0.6112751960754395,0.586188554763794,rmse,,0.6304420726001987,,10,10,10,0,0.5603702306747437,0.5977165699005127,6.357499838695563,7.791639585942331,82.53,82.7,11001.923046875,11046.84375,,,,,,,0.7109375,0.84375
52d42a71-5015-4b9b-b826-24e26f83e045,4,0.5117470026016235,0.4850030541419983,rmse,,0.673399288446432,,10,8,8,2,0.5686486065387726,0.6041967868804932,6.140599525046156,8.142200445084777,82.8125,82.9,11098.142578125,11140.9453125,,,,,,,0.69921875,0.890625
52d42a71-5015-4b9b-b826-24e26f83e045,5,0.4974932372570038,0.4706345796585083,rmse,,0.6799785710412216,,10,9,9,1,0.5668132570054796,0.5807087421417236,6.14340258217096,8.0236452469921,83.14444444444445,83.3,11201.380642361111,11250.16015625,,,,,,,0.6961805555555556,0.90625
