run_id,round,global_loss,global_metric,global_metric_name,global_aux_metric,global_score,frontier_json,scheduled_clients,attempted_clients,participating_clients,dropped_clients,avg_client_duration,max_client_duration,avg_cpu_util,max_cpu_util,avg_memory_util,max_memory_util,avg_memory_used_mb,max_memory_used_mb,avg_gpu_util,max_gpu_util,avg_gpu_memory_util,max_gpu_memory_util,avg_gpu_memory_used_mb,max_gpu_memory_used_mb,avg_cpu_time_s,max_cpu_time_s
07857e48-d9e2-49da-a04d-cc0706151144,1,0.1661456972360611,0.9646000266075134,accuracy,0.9643516391996206,0.9646000266075134,,10,9,9,1,1.939824316236708,2.107264280319214,37.136137784002045,42.54886282071729,75.4,75.6,8712.934895833334,8792.28515625,,,,,,,14.38888888888889,16.90625
07857e48-d9e2-49da-a04d-cc0706151144,2,0.08049803227186203,0.9835000038146973,accuracy,0.9834429312844126,0.9835000038146973,,10,7,7,3,1.892817667552403,1.9850788116455078,37.18202798449126,41.493618601416586,75.55714285714285,75.7,8818.82924107143,8847.50390625,,,,,,,14.0625,15.5
07857e48-d9e2-49da-a04d-cc0706151144,3,0.06736014038324356,0.9865000247955322,accuracy,0.9864283335623913,0.9865000247955322,,10,7,7,3,1.943028484072004,2.0830938816070557,35.88047151479432,39.34240936735222,75.25714285714285,76.7,8373.32533482143,8419.53125,,,,,,,13.910714285714286,15.421875
07857e48-d9e2-49da-a04d-cc0706151144,4,0.06324661523103714,0.9876999855041504,accuracy,0.9876402602135907,0.9876999855041504,,10,9,9,1,1.9058802392747667,2.0027546882629395,36.74693136360444,40.349973215814686,76.91111111111111,77.3,8522.692274305555,8624.28515625,,,,,,,13.984375,15.40625
07857e48-d9e2-49da-a04d-cc0706151144,5,0.059356689453125,0.9894000291824341,accuracy,0.9893135994291861,0.9894000291824341,,10,9,9,1,1.8527989917331271,1.9306707382202148,36.558094520555585,41.88415096826768,76.58888888888889,77.5,8770.065104166666,8895.140625,,,,,,,13.53125,15.484375
